{
  "images" : [
    {
      "size" : "27x20",
      "idiom" : "universal",
      "scale" : "1x",
      "platform" : "ios"
    },
    {
      "size" : "27x20",
      "idiom" : "universal",
      "scale" : "2x",
      "platform" : "ios"
    },
    {
      "size" : "27x20",
      "idiom" : "universal",
      "scale" : "3x",
      "platform" : "ios"
    },
    {
      "size" : "32x24",
      "idiom" : "universal",
      "scale" : "1x",
      "platform" : "ios"
    },
    {
      "size" : "32x24",
      "idiom" : "universal",
      "scale" : "2x",
      "platform" : "ios"
    },
    {
      "size" : "32x24",
      "idiom" : "universal",
      "scale" : "3x",
      "platform" : "ios"
    },
    {
      "size" : "1024x768",
      "idiom" : "ios-marketing",
      "scale" : "1x",
      "platform" : "ios"
    },
    {
      "idiom" : "iphone",
      "size" : "29x29",
      "scale" : "2x"
    },
    {
      "idiom" : "iphone",
      "size" : "29x29",
      "scale" : "3x"
    },
    {
      "idiom" : "iphone",
      "size" : "60x45",
      "scale" : "2x"
    },
    {
      "idiom" : "iphone",
      "size" : "60x45",
      "scale" : "3x"
    },
    {
      "idiom" : "ipad",
      "size" : "29x29",
      "scale" : "1x"
    },
    {
      "idiom" : "ipad",
      "size" : "29x29",
      "scale" : "2x"
    },
    {
      "idiom" : "ipad",
      "size" : "67x50",
      "scale" : "1x"
    },
    {
      "idiom" : "ipad",
      "size" : "67x50",
      "scale" : "2x"
    },
    {
      "idiom" : "ipad",
      "size" : "74x55",
      "scale" : "2x"
    }
  ],
  "info" : {
    "version" : 1,
    "author" : "xcode"
  }
}